score,portal,title,name,id,modified,license,org,resource_count,formats,url
7,HDX,Global - Food Prices,global-wfp-food-prices,31579af5-3895-4002-9ee3-c50857480785,2026-03-08T17:32:15.968118,cc-by-igo,WFP - World Food Programme,40,CSV,https://data.humdata.org/dataset/global-wfp-food-prices
7,data.gov,Harmonized Tariff Schedule of the United States (2026),harmonized-tariff-schedule-of-the-united-states-2024,2d0e242c-88f0-43de-b6c5-da9b9d88864f,2026-02-27T14:11:10.524835,us-pd,US International Trade Commission,15,"CSV,JSON,XLS",https://catalog.data.gov/dataset/harmonized-tariff-schedule-of-the-united-states-2024
7,HDX,"HDX HAPI - Food Security, Nutrition & Poverty: Food Prices",hdx-hapi-food-price,918e2128-64dc-4413-bfa8-3ac05f8e09c0,2026-03-08T17:37:38.388450,cc-by-igo,HDX Humanitarian API Data,13,CSV,https://data.humdata.org/dataset/hdx-hapi-food-price
7,data.gov,National Register of Historic Places,national-register-of-historic-places-9d3f5,3fdb5bea-e09e-4ab6-ade8-f4a76b2d3b34,2026-03-04T00:18:38.665227,notspecified,Department of the Interior,6,"API,DOC,JPEG,XML,ZIP",https://catalog.data.gov/dataset/national-register-of-historic-places-9d3f5
7,HDX,FAO Data in Emergencies Monitoring System (DIEM),fao-diem-monitoring-system-household-surveys-aggregated-data,e9942071-bf80-4216-9175-044720b82e6f,2026-03-09T02:02:09.875526,hdx-other,Food and Agriculture Organization (FAO) of the United Nations,4,CSV,https://data.humdata.org/dataset/fao-diem-monitoring-system-household-surveys-aggregated-data
7,data.gov,Crimes - 2001 to Present,crimes-2001-to-present,f9a2b1da-af74-452f-b056-110496e646eb,2026-03-08T02:49:08.869528,notspecified,City of Chicago,4,"CSV,JSON,RDF,XML",https://catalog.data.gov/dataset/crimes-2001-to-present
7,data.gov,Motor Vehicle Collisions - Crashes,motor-vehicle-collisions-crashes,a1cbf6e9-6a08-4288-8b6b-a3c5666b7c2d,2026-03-08T02:35:42.414544,notspecified,City of New York,4,"CSV,JSON,RDF,XML",https://catalog.data.gov/dataset/motor-vehicle-collisions-crashes
7,data.gov,Warehouse and Retail Sales,warehouse-and-retail-sales,9b8c4f87-15a5-40a3-ac82-cd637e3535c4,2026-03-08T02:07:22.202518,notspecified,Montgomery County of Maryland,4,"CSV,JSON,RDF,XML",https://catalog.data.gov/dataset/warehouse-and-retail-sales
7,data.gov,Crime Data from 2020 to 2024,crime-data-from-2020-to-present,694609f9-efa2-4cc6-ac94-acf083cf57b7,2026-03-08T01:43:23.225761,other-license-specified,City of Los Angeles,4,"CSV,JSON,RDF,XML",https://catalog.data.gov/dataset/crime-data-from-2020-to-present
7,data.gov,Lottery Powerball Winning Numbers: Beginning 2010,lottery-powerball-winning-numbers-beginning-2010,f9880479-bf5c-477c-ba8e-0651a0e054a5,2026-03-07T22:32:11.731324,notspecified,State of New York,4,"CSV,JSON,RDF,XML",https://catalog.data.gov/dataset/lottery-powerball-winning-numbers-beginning-2010
7,data.gov,Provisional COVID-19 Death Counts by Week Ending Date and State,provisional-covid-19-death-counts-by-week-ending-date-and-state,0ce86a15-992f-4f99-8417-56ef36ffa766,2026-03-06T14:45:44.306695,other-license-specified,U.S. Department of Health & Human Services,4,"CSV,JSON,RDF,XML",https://catalog.data.gov/dataset/provisional-covid-19-death-counts-by-week-ending-date-and-state
7,data.gov,Monthly Rates of Laboratory-Confirmed COVID-19 Hospitalizations from the COVID-NET Surveillance System,monthly-rates-of-laboratory-confirmed-covid-19-hospitalizations-from-the-covid-net-surveil,d76c7561-286d-4aae-b1c5-40f452f12645,2026-03-06T14:41:35.954785,other-license-specified,U.S. Department of Health & Human Services,4,"CSV,JSON,RDF,XML",https://catalog.data.gov/dataset/monthly-rates-of-laboratory-confirmed-covid-19-hospitalizations-from-the-covid-net-surveil
7,data.gov,Border Crossing Entry Data,border-crossing-entry-data-683ae,656e0b2d-60f1-49e8-a3a7-073602d441a2,2026-03-05T08:27:23.519048,notspecified,Department of Transportation,4,"CSV,JSON,RDF,XML",https://catalog.data.gov/dataset/border-crossing-entry-data-683ae
7,data.gov,Air Quality,air-quality,29aa21ae-b135-4227-9db6-6dd283715900,2026-02-15T00:43:59.373079,notspecified,City of New York,4,"CSV,JSON,RDF,XML",https://catalog.data.gov/dataset/air-quality
7,data.gov,Electric Vehicle Population Data,electric-vehicle-population-data,844dbad1-ee1e-44b8-9799-34cb7ed24640,2026-02-15T00:05:06.517456,other-license-specified,State of Washington,4,"CSV,JSON,RDF,XML",https://catalog.data.gov/dataset/electric-vehicle-population-data
7,data.gov,State Park Annual Attendance Figures by Facility:  Beginning 2003,state-park-annual-attendance-figures-by-facility-beginning-2003,3a087ced-91ef-46aa-9d69-9ab4ea9e9376,2026-02-14T21:57:12.680481,notspecified,State of New York,4,"CSV,JSON,RDF,XML",https://catalog.data.gov/dataset/state-park-annual-attendance-figures-by-facility-beginning-2003
7,data.gov,"Docked Bikeshare Ridership by System, Year, and Month",docked-bikeshare-ridership-by-system-year-and-month,727e0a6d-c8a0-48f5-b85b-25b7aca9d22d,2026-02-06T23:50:47.367494,other-license-specified,Department of Transportation,4,"CSV,JSON,RDF,XML",https://catalog.data.gov/dataset/docked-bikeshare-ridership-by-system-year-and-month
7,HDX,Zimbabwe - Food Prices,wfp-food-prices-for-zimbabwe,d878cfac-a45f-48bd-8460-a2e16ab0ea94,2026-03-08T15:44:00.312167,cc-by-igo,WFP - World Food Programme,2,CSV,https://data.humdata.org/dataset/wfp-food-prices-for-zimbabwe
7,HDX,Zambia - Food Prices,wfp-food-prices-for-zambia,3f74001c-3554-4c54-bd86-c66208563316,2026-03-08T15:03:49.618374,cc-by-igo,WFP - World Food Programme,2,CSV,https://data.humdata.org/dataset/wfp-food-prices-for-zambia
7,HDX,Yemen - Food Prices,wfp-food-prices-for-yemen,98574e10-6866-4f13-a2b1-3c8312801af5,2026-03-08T14:59:15.386555,cc-by-igo,WFP - World Food Programme,2,CSV,https://data.humdata.org/dataset/wfp-food-prices-for-yemen
7,HDX,Venezuela (Bolivarian Republic of) - Food Prices,wfp-food-prices-for-venezuela-bolivarian-republic-of,a3800f18-0126-4911-917e-2b2a9415d909,2026-03-08T14:53:21.150914,cc-by-igo,WFP - World Food Programme,2,CSV,https://data.humdata.org/dataset/wfp-food-prices-for-venezuela-bolivarian-republic-of
7,HDX,Ukraine - Food Prices,wfp-food-prices-for-ukraine,9b95de1b-d4e9-4c81-b2bb-db35bd9620e8,2026-03-08T14:50:49.718953,cc-by-igo,WFP - World Food Programme,2,CSV,https://data.humdata.org/dataset/wfp-food-prices-for-ukraine
7,HDX,Uganda - Food Prices,wfp-food-prices-for-uganda,883929b1-521e-4834-97f5-0ccc2df75b89,2026-03-08T14:44:57.191614,cc-by-igo,WFP - World Food Programme,2,CSV,https://data.humdata.org/dataset/wfp-food-prices-for-uganda
7,HDX,United Republic of Tanzania - Food Prices,wfp-food-prices-for-united-republic-of-tanzania,5090d858-a300-49fe-a953-4ec4e3526fc2,2026-03-08T14:43:01.146807,cc-by-igo,WFP - World Food Programme,2,CSV,https://data.humdata.org/dataset/wfp-food-prices-for-united-republic-of-tanzania
7,HDX,Türkiye - Food Prices,wfp-food-prices-for-turkiye,7d7224ed-eff6-421f-9f96-9c8d43905f3c,2026-03-08T14:40:36.725299,cc-by-igo,WFP - World Food Programme,2,CSV,https://data.humdata.org/dataset/wfp-food-prices-for-turkiye
7,HDX,Timor-Leste - Food Prices,wfp-food-prices-for-timor-leste,59420553-73fb-4d44-82f1-96bf97ad8c6e,2026-03-08T14:40:04.316252,cc-by-igo,WFP - World Food Programme,2,CSV,https://data.humdata.org/dataset/wfp-food-prices-for-timor-leste
7,HDX,Tajikistan - Food Prices,wfp-food-prices-for-tajikistan,ea67b5df-7163-45ff-8306-b901e6b0cc2a,2026-03-08T14:39:28.124263,cc-by-igo,WFP - World Food Programme,2,CSV,https://data.humdata.org/dataset/wfp-food-prices-for-tajikistan
7,HDX,Togo - Food Prices,wfp-food-prices-for-togo,f6b47ff7-48aa-4e13-b2e7-e5e487d43c19,2026-03-08T14:37:05.269463,cc-by-igo,WFP - World Food Programme,2,CSV,https://data.humdata.org/dataset/wfp-food-prices-for-togo
7,HDX,Chad - Food Prices,wfp-food-prices-for-chad,a4f14321-0133-445c-bca4-60a113489fc0,2026-03-08T14:36:52.553627,cc-by-igo,WFP - World Food Programme,2,CSV,https://data.humdata.org/dataset/wfp-food-prices-for-chad
7,HDX,Syrian Arab Republic - Food Prices,wfp-food-prices-for-syrian-arab-republic,aa40b3a8-2bc4-4826-9d82-82189bc5f392,2026-03-08T14:35:41.663753,cc-by-igo,WFP - World Food Programme,2,CSV,https://data.humdata.org/dataset/wfp-food-prices-for-syrian-arab-republic
7,HDX,Eswatini - Food Prices,wfp-food-prices-for-eswatini,da611749-4214-4945-bd97-7f97ffa9ac62,2026-03-08T13:17:04.747480,cc-by-igo,WFP - World Food Programme,2,CSV,https://data.humdata.org/dataset/wfp-food-prices-for-eswatini
7,HDX,South Sudan - Food Prices,wfp-food-prices-for-south-sudan,4f48c45b-1a20-4478-b62d-bf637b8d4666,2026-03-08T13:16:46.882008,cc-by-igo,WFP - World Food Programme,2,CSV,https://data.humdata.org/dataset/wfp-food-prices-for-south-sudan
7,HDX,Somalia - Food Prices,wfp-food-prices-for-somalia,26727d1b-af49-4323-9215-c2ac479abb87,2026-03-08T13:14:15.932502,cc-by-igo,WFP - World Food Programme,2,CSV,https://data.humdata.org/dataset/wfp-food-prices-for-somalia
7,HDX,El Salvador - Food Prices,wfp-food-prices-for-el-salvador,0ff64070-c95b-4962-9d99-09d989d43f75,2026-03-08T12:53:44.293859,cc-by-igo,WFP - World Food Programme,2,CSV,https://data.humdata.org/dataset/wfp-food-prices-for-el-salvador
7,HDX,Sierra Leone - Food Prices,wfp-food-prices-for-sierra-leone,93388727-fdb4-4eb7-8775-9b5b30ae78fa,2026-03-08T12:53:27.262570,cc-by-igo,WFP - World Food Programme,2,CSV,https://data.humdata.org/dataset/wfp-food-prices-for-sierra-leone
7,HDX,Senegal - Food Prices,wfp-food-prices-for-senegal,77b76bc7-1edd-43f6-a5e4-784498ff6aca,2026-03-08T12:52:20.730091,cc-by-igo,WFP - World Food Programme,2,CSV,https://data.humdata.org/dataset/wfp-food-prices-for-senegal
7,HDX,Sudan - Food Prices,wfp-food-prices-for-sudan,369e003b-f0af-4e48-99d7-34fc85b44635,2026-03-08T12:50:25.120913,cc-by-igo,WFP - World Food Programme,2,CSV,https://data.humdata.org/dataset/wfp-food-prices-for-sudan
7,HDX,Rwanda - Food Prices,wfp-food-prices-for-rwanda,a4a84c1c-81d1-491b-9fbe-1955ae736508,2026-03-08T12:49:00.520966,cc-by-igo,WFP - World Food Programme,2,CSV,https://data.humdata.org/dataset/wfp-food-prices-for-rwanda
7,HDX,Russian Federation - Food Prices,wfp-food-prices-for-russian-federation,4aef17d7-92bf-4260-81fe-91e798eb1c11,2026-03-08T12:40:22.484163,cc-by-igo,WFP - World Food Programme,2,CSV,https://data.humdata.org/dataset/wfp-food-prices-for-russian-federation
7,HDX,State of Palestine - Food Prices,wfp-food-prices-for-state-of-palestine,7d06b059-5831-4101-aa68-6d9123ad65b7,2026-03-08T12:40:12.593910,cc-by-igo,WFP - World Food Programme,2,CSV,https://data.humdata.org/dataset/wfp-food-prices-for-state-of-palestine
7,HDX,Philippines - Food Prices,wfp-food-prices-for-philippines,ea251823-8694-47b4-82d0-7d27f00e8aba,2026-03-08T12:37:46.643098,cc-by-igo,WFP - World Food Programme,2,CSV,https://data.humdata.org/dataset/wfp-food-prices-for-philippines
7,HDX,Peru - Food Prices,wfp-food-prices-for-peru,120e668e-d3d5-4689-b05b-7ec85e8cfd8e,2026-03-08T12:11:49.644665,cc-by-igo,WFP - World Food Programme,2,CSV,https://data.humdata.org/dataset/wfp-food-prices-for-peru
7,HDX,Panama - Food Prices,wfp-food-prices-for-panama,91dfd442-475a-4368-811e-a1a73758df22,2026-03-08T12:11:38.090361,cc-by-igo,WFP - World Food Programme,2,CSV,https://data.humdata.org/dataset/wfp-food-prices-for-panama
7,HDX,Pakistan - Food Prices,wfp-food-prices-for-pakistan,125455ff-c8a8-4f4b-9190-bf0e84559dc7,2026-03-08T12:11:29.997743,cc-by-igo,WFP - World Food Programme,2,CSV,https://data.humdata.org/dataset/wfp-food-prices-for-pakistan
7,HDX,Nepal - Food Prices,wfp-food-prices-for-nepal,0e8b1b84-8e55-4aec-bc45-0c7d2c92d32e,2026-03-08T12:10:55.027231,cc-by-igo,WFP - World Food Programme,2,CSV,https://data.humdata.org/dataset/wfp-food-prices-for-nepal
7,HDX,Nicaragua - Food Prices,wfp-food-prices-for-nicaragua,b89df9fc-3522-4950-80d0-e384059c2376,2026-03-08T12:08:37.966308,cc-by-igo,WFP - World Food Programme,2,CSV,https://data.humdata.org/dataset/wfp-food-prices-for-nicaragua
7,HDX,Nigeria - Food Prices,wfp-food-prices-for-nigeria,42db041f-7aaf-4ab4-961f-2a12096861e7,2026-03-08T12:08:13.844776,cc-by-igo,WFP - World Food Programme,2,CSV,https://data.humdata.org/dataset/wfp-food-prices-for-nigeria
7,HDX,Niger - Food Prices,wfp-food-prices-for-niger,9c2f8da3-c0a5-476d-9035-b9b59172b922,2026-03-08T12:03:10.801911,cc-by-igo,WFP - World Food Programme,2,CSV,https://data.humdata.org/dataset/wfp-food-prices-for-niger
7,HDX,Namibia - Food Prices,wfp-food-prices-for-namibia,619b52cf-1b1a-48cc-845b-ef073e6ddf80,2026-03-08T12:00:29.955397,cc-by-igo,WFP - World Food Programme,2,CSV,https://data.humdata.org/dataset/wfp-food-prices-for-namibia
7,HDX,Malawi - Food Prices,wfp-food-prices-for-malawi,75ecb747-717e-4ce5-b7af-0e13cc95ba63,2026-03-08T12:00:09.908257,cc-by-igo,WFP - World Food Programme,2,CSV,https://data.humdata.org/dataset/wfp-food-prices-for-malawi
7,HDX,Mauritania - Food Prices,wfp-food-prices-for-mauritania,a17cd464-d4e6-48d0-8bec-e6d3d2f5068a,2026-03-08T11:56:46.241654,cc-by-igo,WFP - World Food Programme,2,CSV,https://data.humdata.org/dataset/wfp-food-prices-for-mauritania
7,HDX,Mozambique - Food Prices,wfp-food-prices-for-mozambique,477a46ed-4c31-42e4-b591-a598f7ab5fe6,2026-03-08T11:55:34.695097,cc-by-igo,WFP - World Food Programme,2,CSV,https://data.humdata.org/dataset/wfp-food-prices-for-mozambique
7,HDX,Mongolia - Food Prices,wfp-food-prices-for-mongolia,0844a0a3-e076-404e-bfbe-b04cae1f7ed1,2026-03-08T11:52:02.925936,cc-by-igo,WFP - World Food Programme,2,CSV,https://data.humdata.org/dataset/wfp-food-prices-for-mongolia
7,HDX,Myanmar - Food Prices,wfp-food-prices-for-myanmar,4d052db4-0fb8-47b5-a56a-633fdcf0e55c,2026-03-08T11:51:50.657114,cc-by-igo,WFP - World Food Programme,2,CSV,https://data.humdata.org/dataset/wfp-food-prices-for-myanmar
7,HDX,Mali - Food Prices,wfp-food-prices-for-mali,d73f8595-0b0b-4b64-91b3-986b1cad5ae6,2026-03-08T11:49:33.718346,cc-by-igo,WFP - World Food Programme,2,CSV,https://data.humdata.org/dataset/wfp-food-prices-for-mali
7,HDX,Mexico - Food Prices,wfp-food-prices-for-mexico,86536791-9c80-48db-9209-61029c725a64,2026-03-08T11:42:20.581066,cc-by-igo,WFP - World Food Programme,2,CSV,https://data.humdata.org/dataset/wfp-food-prices-for-mexico
7,HDX,Madagascar - Food Prices,wfp-food-prices-for-madagascar,86173d84-f1b5-4470-afb9-5ee56747f4cd,2026-03-08T11:42:08.518164,cc-by-igo,WFP - World Food Programme,2,CSV,https://data.humdata.org/dataset/wfp-food-prices-for-madagascar
7,HDX,Republic of Moldova - Food Prices,wfp-food-prices-for-republic-of-moldova,03c28d49-abab-453e-84e2-fd4f1cfa1597,2026-03-08T11:41:02.331994,cc-by-igo,WFP - World Food Programme,2,CSV,https://data.humdata.org/dataset/wfp-food-prices-for-republic-of-moldova
7,HDX,Lesotho - Food Prices,wfp-food-prices-for-lesotho,e6734ad4-45fa-4db2-a9c0-52eff69f5a08,2026-03-08T11:38:59.377568,cc-by-igo,WFP - World Food Programme,2,CSV,https://data.humdata.org/dataset/wfp-food-prices-for-lesotho
7,HDX,Sri Lanka - Food Prices,wfp-food-prices-for-sri-lanka,0298c598-d312-4771-b564-f4ac4d831f05,2026-03-08T11:38:26.227191,cc-by-igo,WFP - World Food Programme,2,CSV,https://data.humdata.org/dataset/wfp-food-prices-for-sri-lanka
7,HDX,Libya - Food Prices,wfp-food-prices-for-libya,dc632a15-d376-496f-976f-c3282e67bc28,2026-03-08T11:36:58.785612,cc-by-igo,WFP - World Food Programme,2,CSV,https://data.humdata.org/dataset/wfp-food-prices-for-libya
7,HDX,Liberia - Food Prices,wfp-food-prices-for-liberia,d21bbefd-fdf0-49e9-aa7c-533c32edabf6,2026-03-08T11:33:58.001278,cc-by-igo,WFP - World Food Programme,2,CSV,https://data.humdata.org/dataset/wfp-food-prices-for-liberia
7,HDX,Lebanon - Food Prices,wfp-food-prices-for-lebanon,db0b4fb1-ce11-458e-94e0-3342365a117a,2026-03-08T11:33:23.199114,cc-by-igo,WFP - World Food Programme,2,CSV,https://data.humdata.org/dataset/wfp-food-prices-for-lebanon
7,HDX,Lao People's Democratic Republic - Food Prices,wfp-food-prices-for-lao-people-s-democratic-republic,7f7739a8-a1f5-40cc-bc45-c9483f807eca,2026-03-08T11:31:36.360197,cc-by-igo,WFP - World Food Programme,2,CSV,https://data.humdata.org/dataset/wfp-food-prices-for-lao-people-s-democratic-republic
7,HDX,Cambodia - Food Prices,wfp-food-prices-for-cambodia,086162d6-7ad7-447d-83cc-1535201aa584,2026-03-08T11:28:46.195879,cc-by-igo,WFP - World Food Programme,2,CSV,https://data.humdata.org/dataset/wfp-food-prices-for-cambodia
7,HDX,Kyrgyzstan - Food Prices,wfp-food-prices-for-kyrgyzstan,5e8246e9-e0b9-4b80-b5b7-f97c4409dcf9,2026-03-08T11:23:47.708391,cc-by-igo,WFP - World Food Programme,2,CSV,https://data.humdata.org/dataset/wfp-food-prices-for-kyrgyzstan
7,HDX,Kenya - Food Prices,wfp-food-prices-for-kenya,e0d3fba6-f9a2-45d7-b949-140c455197ff,2026-03-08T11:18:47.277134,cc-by-igo,WFP - World Food Programme,2,CSV,https://data.humdata.org/dataset/wfp-food-prices-for-kenya
7,HDX,Kazakhstan - Food Prices,wfp-food-prices-for-kazakhstan,3bb458a7-926f-4870-8a10-93a44cd46f54,2026-03-08T11:17:11.252816,cc-by-igo,WFP - World Food Programme,2,CSV,https://data.humdata.org/dataset/wfp-food-prices-for-kazakhstan
7,HDX,Japan - Food Prices,wfp-food-prices-for-japan,fd2f8bdf-8845-4b2e-969b-601683944542,2026-03-08T11:17:02.096266,cc-by-igo,WFP - World Food Programme,2,CSV,https://data.humdata.org/dataset/wfp-food-prices-for-japan
7,HDX,Jordan - Food Prices,wfp-food-prices-for-jordan,fba510fd-eccf-4b34-b5f6-cc531900270b,2026-03-08T11:16:55.937649,cc-by-igo,WFP - World Food Programme,2,CSV,https://data.humdata.org/dataset/wfp-food-prices-for-jordan
7,HDX,Iraq - Food Prices,wfp-food-prices-for-iraq,7d8955eb-37d2-4087-80e9-cae1aaa242f5,2026-03-08T11:14:58.762176,cc-by-igo,WFP - World Food Programme,2,CSV,https://data.humdata.org/dataset/wfp-food-prices-for-iraq
7,HDX,Iran (Islamic Republic of) - Food Prices,wfp-food-prices-for-iran-islamic-republic-of,6df76343-1bd9-488a-af3c-1e5aec3fc78c,2026-03-08T11:12:05.605123,cc-by-igo,WFP - World Food Programme,2,CSV,https://data.humdata.org/dataset/wfp-food-prices-for-iran-islamic-republic-of
7,HDX,India - Food Prices,wfp-food-prices-for-india,dc663585-4b6f-46ae-a6d6-b2f3e4ea32b5,2026-03-08T11:11:54.323205,cc-by-igo,WFP - World Food Programme,2,CSV,https://data.humdata.org/dataset/wfp-food-prices-for-india
7,HDX,Indonesia - Food Prices,wfp-food-prices-for-indonesia,72cc0659-142b-41af-821a-cb981a852617,2026-03-08T10:50:39.596025,cc-by-igo,WFP - World Food Programme,2,CSV,https://data.humdata.org/dataset/wfp-food-prices-for-indonesia
7,HDX,Haiti - Food Prices,wfp-food-prices-for-haiti,a68fe30e-8f20-4ae0-a31c-df3130b96275,2026-03-08T10:04:19.649737,cc-by-igo,WFP - World Food Programme,2,CSV,https://data.humdata.org/dataset/wfp-food-prices-for-haiti
7,HDX,Honduras - Food Prices,wfp-food-prices-for-honduras,c96c6dec-586e-43b2-9ccf-28e50ba9e3f9,2026-03-08T10:03:42.247528,cc-by-igo,WFP - World Food Programme,2,CSV,https://data.humdata.org/dataset/wfp-food-prices-for-honduras
7,HDX,Guatemala - Food Prices,wfp-food-prices-for-guatemala,ea9003c9-7f84-41c9-9fdd-1c3314db74cf,2026-03-08T10:03:31.482509,cc-by-igo,WFP - World Food Programme,2,CSV,https://data.humdata.org/dataset/wfp-food-prices-for-guatemala
7,HDX,Guinea-Bissau - Food Prices,wfp-food-prices-for-guinea-bissau,44bdf939-420d-4a81-9375-81d02a4a9fa2,2026-03-08T10:02:58.315499,cc-by-igo,WFP - World Food Programme,2,CSV,https://data.humdata.org/dataset/wfp-food-prices-for-guinea-bissau
7,HDX,Gambia - Food Prices,wfp-food-prices-for-gambia,ff621ab5-41f7-4caf-8bfa-b9becbe6d934,2026-03-08T09:53:12.253481,cc-by-igo,WFP - World Food Programme,2,CSV,https://data.humdata.org/dataset/wfp-food-prices-for-gambia
7,HDX,Guinea - Food Prices,wfp-food-prices-for-guinea,17a0a124-bedd-427c-a710-0d6e87672891,2026-03-08T09:45:22.510582,cc-by-igo,WFP - World Food Programme,2,CSV,https://data.humdata.org/dataset/wfp-food-prices-for-guinea
7,HDX,Ghana - Food Prices,wfp-food-prices-for-ghana,626e809c-c4fc-467b-a60c-129acb5e9320,2026-03-08T09:44:24.408203,cc-by-igo,WFP - World Food Programme,2,CSV,https://data.humdata.org/dataset/wfp-food-prices-for-ghana
7,HDX,Fiji - Food Prices,wfp-food-prices-for-fiji,4f810b15-82f1-4ae3-a380-d6ab50cd9cd1,2026-03-08T09:42:36.974686,cc-by-igo,WFP - World Food Programme,2,CSV,https://data.humdata.org/dataset/wfp-food-prices-for-fiji
7,HDX,Ethiopia - Food Prices,wfp-food-prices-for-ethiopia,2e4f1922-e446-4b57-a98a-d0e2d5e34afa,2026-03-08T09:42:28.616902,cc-by-igo,WFP - World Food Programme,2,CSV,https://data.humdata.org/dataset/wfp-food-prices-for-ethiopia
7,HDX,Egypt - Food Prices,wfp-food-prices-for-egypt,230e991f-3438-4763-8044-e424b5a67bec,2026-03-08T09:39:43.043287,cc-by-igo,WFP - World Food Programme,2,CSV,https://data.humdata.org/dataset/wfp-food-prices-for-egypt
7,HDX,Ecuador - Food Prices,wfp-food-prices-for-ecuador,111bd135-8f22-4f0e-9917-3f0d040a1c82,2026-03-08T09:39:22.823066,cc-by-igo,WFP - World Food Programme,2,CSV,https://data.humdata.org/dataset/wfp-food-prices-for-ecuador
7,HDX,Algeria - Food Prices,wfp-food-prices-for-algeria,6ca04cee-665a-4037-b04e-b94a8b2cdef9,2026-03-08T09:38:49.085087,cc-by-igo,WFP - World Food Programme,2,CSV,https://data.humdata.org/dataset/wfp-food-prices-for-algeria
7,HDX,Dominican Republic - Food Prices,wfp-food-prices-for-dominican-republic,e5d8459f-f7f4-4364-878c-2f14b5e534de,2026-03-08T09:38:24.556931,cc-by-igo,WFP - World Food Programme,2,CSV,https://data.humdata.org/dataset/wfp-food-prices-for-dominican-republic
7,HDX,Djibouti - Food Prices,wfp-food-prices-for-djibouti,b9e4ffde-205c-4887-beb0-a1fa027e8bdc,2026-03-08T09:38:12.455173,cc-by-igo,WFP - World Food Programme,2,CSV,https://data.humdata.org/dataset/wfp-food-prices-for-djibouti
7,HDX,Cabo Verde - Food Prices,wfp-food-prices-for-cabo-verde,f9f8ff96-61eb-472e-9ec8-814980cfabcd,2026-03-08T09:37:39.038072,cc-by-igo,WFP - World Food Programme,2,CSV,https://data.humdata.org/dataset/wfp-food-prices-for-cabo-verde
7,HDX,Colombia - Food Prices,wfp-food-prices-for-colombia,dd6f3c15-69c0-44c0-8f62-6c5395dcc572,2026-03-08T09:37:29.745908,cc-by-igo,WFP - World Food Programme,2,CSV,https://data.humdata.org/dataset/wfp-food-prices-for-colombia
7,HDX,Congo - Food Prices,wfp-food-prices-for-congo,86dfc591-9de6-44f8-b908-ebba34a96ddf,2026-03-08T09:33:42.654071,cc-by-igo,WFP - World Food Programme,2,CSV,https://data.humdata.org/dataset/wfp-food-prices-for-congo
7,HDX,GDACS RSS Information,gdacs-rss-information,a87f96f8-16e6-4d51-872c-cfa54a8251ec,2026-03-09T04:53:28.243354,cc-by,Global Disaster Alert and Coordination System,1,CSV,https://data.humdata.org/dataset/gdacs-rss-information
7,HDX,Central America - Media Analysis,central-america-media-analysis,a70d6200-52ca-4ddb-b95c-db065c0b448f,2026-03-08T19:40:49.144791,cc-by,Acción contra el hambre - GIS4tech,1,CSV,https://data.humdata.org/dataset/central-america-media-analysis
7,data.gov,Authorizations From 10/01/2006 Thru 09/30/2025,authorizations-from-10-01-2006-thru-12-31-2022,976ba379-f7ed-4960-a324-eb89b2ffa7a9,2026-02-22T00:17:06.932234,notspecified,Export-Import Bank of the US,1,CSV,https://catalog.data.gov/dataset/authorizations-from-10-01-2006-thru-12-31-2022
6,data.gov,Uniform Crime Reporting (UCR) Program,uniform-crime-reporting-ucr-program,5cb8d78e-54d3-4a36-bb51-190c316829f7,2025-11-14T14:57:57.949034,us-pd,Department of Justice,5,"Api,ZIP",https://catalog.data.gov/dataset/uniform-crime-reporting-ucr-program
6,data.gov,Traffic Crashes - Crashes,traffic-crashes-crashes,6558e045-c63c-4b12-9342-c7899688ff66,2026-03-08T02:47:35.366565,notspecified,City of Chicago,4,"CSV,JSON,RDF,XML",https://catalog.data.gov/dataset/traffic-crashes-crashes
6,data.gov,"Nutrition, Physical Activity, and Obesity - Behavioral Risk Factor Surveillance System",nutrition-physical-activity-and-obesity-behavioral-risk-factor-surveillance-system,f2e604c6-9c1e-4271-bdbb-f1f60ad06a16,2025-12-13T19:50:22.736472,other-license-specified,U.S. Department of Health & Human Services,4,"CSV,JSON,RDF,XML",https://catalog.data.gov/dataset/nutrition-physical-activity-and-obesity-behavioral-risk-factor-surveillance-system
6,data.gov,Real Estate Sales 2001-2023 GL,real-estate-sales-2001-2018,96811ca5-e32e-4f41-abca-dec4f07ffdff,2025-09-14T23:09:08.394497,notspecified,State of Connecticut,4,"CSV,JSON,RDF,XML",https://catalog.data.gov/dataset/real-estate-sales-2001-2018
6,data.gov,Inventory of Owned and Leased Properties (IOLP),inventory-of-owned-and-leased-properties-iolp,8f51a658-e9e2-4c93-ba15-7be91a95c29f,2026-02-28T09:15:17.292979,cc-zero,General Services Administration,3,"TEXT,XLS",https://catalog.data.gov/dataset/inventory-of-owned-and-leased-properties-iolp
6,data.gov,"NPS Visitor Use Statistics Data Package, 2024",nps-visitor-use-statistics-data-package-2024,2eb5b083-2b33-466c-90dc-dc1ebd844ed8,2026-01-25T17:28:22.661985,other-license-specified,Department of the Interior,3,"CSV,XML",https://catalog.data.gov/dataset/nps-visitor-use-statistics-data-package-2024
6,HDX,FloodScan: Near Real-Time and Historical Flood Mapping,floodscan,b704f489-6705-499a-b5f0-22eeb1184b0b,2026-03-08T23:24:21.679200,cc-by-igo,JANUS Atmospheric and Environmental Research,2,"GeoTIFF,XLSX",https://data.humdata.org/dataset/floodscan
6,data.gov,California's National Electric Vehicle Infrastructure Funding Program Map,californias-national-electric-vehicle-infrastructure-funding-program-map,0bc811eb-da21-4c8c-aa7a-36a5af76428a,2026-02-23T14:08:19.991997,other-license-specified,State of California,2,"ArcGIS GeoServices REST API,HTML",https://catalog.data.gov/dataset/californias-national-electric-vehicle-infrastructure-funding-program-map
5,data.gov,BSEE Data Center - Leasing Information,bsee-data-center-leasing-information,9e9442e3-1efc-4907-bf5e-5a64db9b5c29,2026-01-25T20:23:04.021974,other-license-specified,Department of the Interior,60,"PDF,ZIP",https://catalog.data.gov/dataset/bsee-data-center-leasing-information
5,data.gov,"U.S. Billion-dollar Weather and Climate Disasters, 1980 - present (NCEI Accession 0209268)",u-s-billion-dollar-weather-and-climate-disasters-1980-present-ncei-accession-02092681,6288460b-9c4a-4006-bde4-2d2720a886e1,2026-03-06T00:00:24.443796,,"National Oceanic and Atmospheric Administration, Department of Commerce",19,PDF,https://catalog.data.gov/dataset/u-s-billion-dollar-weather-and-climate-disasters-1980-present-ncei-accession-02092681
5,data.gov,Public Library Survey (PLS) 2018,public-library-survey-pls-2018,e92e27c7-75c7-4819-9744-cb7ab4f023d0,2025-03-27T19:32:28.136247,notspecified,Institute of Museum and Library Services,7,"CSV,PDF,SAS,SPSS,XLS",https://catalog.data.gov/dataset/public-library-survey-pls-2018
5,data.gov,Low-Income or Disadvantaged Communities Designated by California,low-income-or-disadvantaged-communities-designated-by-california-d9c14,ca76b6a7-75b9-4107-b7f6-483832446c4a,2025-07-24T19:27:39.717744,other-license-specified,State of California,6,"ArcGIS GeoServices REST API,CSV,GeoJSON,HTML,KML,ZIP",https://catalog.data.gov/dataset/low-income-or-disadvantaged-communities-designated-by-california-d9c14
5,data.gov,Public Library Survey (PLS) 2022,public-library-survey-pls-2022,8ee0ba65-f6cc-4614-aa1e-4c4587487615,2025-03-27T19:32:13.189384,notspecified,Institute of Museum and Library Services,5,"CSV,HTML,PDF,SAS,SPSS",https://catalog.data.gov/dataset/public-library-survey-pls-2022
5,data.gov,LAPD Calls for Service 2019,lapd-calls-for-service-2019,3b5373a4-81e6-42f7-a5e4-171a08ae602b,2025-07-12T19:05:44.966741,other-license-specified,City of Los Angeles,4,"CSV,JSON,RDF,XML",https://catalog.data.gov/dataset/lapd-calls-for-service-2019
5,data.gov,School Year 2022-2023 Statewide Accountability Ratings,school-year-2021-2022-statewide-accountability-ratings-as-of-february-6-2023,2ff18ac6-a9d3-4493-a482-7b0c28d8356c,2025-05-25T13:12:33.617859,notspecified,City of Austin,4,"CSV,JSON,RDF,XML",https://catalog.data.gov/dataset/school-year-2021-2022-statewide-accountability-ratings-as-of-february-6-2023
5,data.gov,2017-18 Washington State CRDC Data - Harassment and Violence,2017-18-washington-state-crdc-data-harassment-and-violence,5ea6ed00-b4ea-4b04-80f8-c156ff47019f,2025-05-10T17:21:11.874229,other-license-specified,State of Washington,4,"CSV,JSON,RDF,XML",https://catalog.data.gov/dataset/2017-18-washington-state-crdc-data-harassment-and-violence
5,data.gov,Mental Health Care in the Last 4 Weeks,mental-health-care-in-the-last-4-weeks,c5f53aa3-78a2-4b3b-acc2-57396fa30b6e,2025-04-23T02:38:58.516598,other-license-specified,U.S. Department of Health & Human Services,4,"CSV,JSON,RDF,XML",https://catalog.data.gov/dataset/mental-health-care-in-the-last-4-weeks
5,data.gov,"Drug overdose death rates, by drug type, sex, age, race, and Hispanic origin: United States",drug-overdose-death-rates-by-drug-type-sex-age-race-and-hispanic-origin-united-states-3f72f,f6731209-f2b6-4786-9ce2-306d9accb8f6,2025-04-23T02:37:25.731716,other-license-specified,U.S. Department of Health & Human Services,4,"CSV,JSON,RDF,XML",https://catalog.data.gov/dataset/drug-overdose-death-rates-by-drug-type-sex-age-race-and-hispanic-origin-united-states-3f72f
5,data.gov,Occupational Employment and Wage Statistics (OEWS),occupational-employment-and-wage-statistics-oews-4b4c4,34466936-ad5c-462d-a062-e71b6b255730,2025-07-23T19:45:24.409410,other-license-specified,State of California,2,CSV,https://catalog.data.gov/dataset/occupational-employment-and-wage-statistics-oews-4b4c4
5,data.gov,Quick Stats Agricultural Database,quick-stats-agricultural-database,81ce570b-7701-49fd-833c-948be42f9556,2025-04-21T21:02:19.598394,cc-zero,Department of Agriculture,2,"API,HTML",https://catalog.data.gov/dataset/quick-stats-agricultural-database
5,data.gov,Business Lookup,business-lookup,71b27167-9c74-4895-9750-bb8bc7af3e1c,2026-01-13T14:40:48.929338,notspecified,State of Washington,1,HTML,https://catalog.data.gov/dataset/business-lookup
5,data.gov,Arrest Data,arrest-data,37f7cedc-4ed8-4569-99a9-0c36f1af7152,2025-11-14T15:10:56.244322,us-pd,Department of Justice,1,HTML,https://catalog.data.gov/dataset/arrest-data
5,data.gov,U.S. Steel Import Monitor,u-s-steel-import-monitor-ecf23,232ca579-b471-4636-8860-0524fa8eca8b,2025-09-30T05:54:59.676348,us-pd,Department of Commerce,1,,https://catalog.data.gov/dataset/u-s-steel-import-monitor-ecf23
5,data.gov,Steel Import Monitoring and Analysis System (SIMA),steel-import-monitoring-and-analysis-system-sima-11ede,1a71d1a0-ecc3-4a0c-89ac-a5ab9293d084,2025-09-30T05:53:57.916123,us-pd,Department of Commerce,1,,https://catalog.data.gov/dataset/steel-import-monitoring-and-analysis-system-sima-11ede
4,data.gov,Civil Rights Data Collection State Files 2015-16,civil-rights-data-collection-state-files-2015-16-cf9b8,a7ea74cb-075f-42ab-a267-6c105d7e7563,2024-03-10T03:41:38.593236,other-license-specified,Department of Education,104,"CSV,TEXT,XLS",https://catalog.data.gov/dataset/civil-rights-data-collection-state-files-2015-16-cf9b8
4,data.gov,Pittsburgh American Community Survey 2015 - Miscellaneous Data,pittsburgh-american-community-survey-2015-miscellaneous-data,7401571a-9009-44d1-96ad-b7003221ec72,2023-01-24T18:11:53.465881,notspecified,Allegheny County / City of Pittsburgh / Western PA Regional Data Center,20,CSV,https://catalog.data.gov/dataset/pittsburgh-american-community-survey-2015-miscellaneous-data
4,data.gov,Public School Characteristics 2022-23,public-school-characteristics-2022-23-451db,05bceb99-66ac-47d5-a612-a2b18ee4b973,2024-10-21T07:48:42.231971,other-license-specified,Department of Education,7,"ArcGIS GeoServices REST API,CSV,GeoJSON,HTML,KML,XML,ZIP",https://catalog.data.gov/dataset/public-school-characteristics-2022-23-451db
4,data.gov,U.S. Chronic Disease Indicators,u-s-chronic-disease-indicators,38aac441-ad72-4fe3-a6e6-c259e0c1e4d6,2025-02-03T21:50:29.642668,other-license-specified,U.S. Department of Health & Human Services,4,"CSV,JSON,RDF,XML",https://catalog.data.gov/dataset/u-s-chronic-disease-indicators
4,data.gov,Summer Meal Programs - All Summer Sites  - Contact and Program Participation Information - Program Period 2019,summer-meal-programs-all-summer-sites-contact-and-program-participation-information-progra-98b1c,cbe250b2-f7fd-48a5-9b6e-69fdf9350c9c,2023-09-25T10:20:03.026957,notspecified,City of Austin,4,"CSV,JSON,RDF,XML",https://catalog.data.gov/dataset/summer-meal-programs-all-summer-sites-contact-and-program-participation-information-progra-98b1c
4,data.gov,Disability and Health Data System (DHDS),disability-and-health-data-system-dhds,6a729632-dd9a-4a0b-9bca-ea76fc9ba169,2020-11-10T16:18:17.190566,notspecified,U.S. Department of Health & Human Services,4,"CSV,JSON,RDF,xsl",https://catalog.data.gov/dataset/disability-and-health-data-system-dhds
4,data.gov,LactMed (Drugs and Lactation Database),lactmed-09a41,8254e8fd-12e8-4e5f-8a6c-6f7b3c12d089,2025-06-19T11:53:18.867907,other-license-specified,U.S. Department of Health & Human Services,3,HTML,https://catalog.data.gov/dataset/lactmed-09a41
4,data.gov,Electricity Data: Average Retail Price of Electricity Application Programming Interface (API),electricity-data-average-retail-price-of-electricity-application-programming-interface-api,9d6bf556-e746-4ecd-906d-56a2b2dac2ae,2021-07-06T22:22:01.097185,other-pd,Department of Energy,3,API,https://catalog.data.gov/dataset/electricity-data-average-retail-price-of-electricity-application-programming-interface-api
4,data.gov,Baby Names from Social Security Card Applications - State and District of Columbia Data,baby-names-from-social-security-card-applications-state-and-district-of-columbia-data,80762abe-70fb-43f8-9961-0a351fec6cd5,2025-07-04T07:09:55.573131,cc-zero,Social Security Administration,2,"HTML,ZIP",https://catalog.data.gov/dataset/baby-names-from-social-security-card-applications-state-and-district-of-columbia-data
4,data.gov,Baby Names from Social Security Card Applications - National Data,baby-names-from-social-security-card-applications-national-data,6291b7de-330d-40e9-ad0e-a8aa4082dfe8,2025-07-04T07:09:50.971701,cc-zero,Social Security Administration,2,"HTML,ZIP",https://catalog.data.gov/dataset/baby-names-from-social-security-card-applications-national-data
4,data.gov,Supply Chain Greenhouse Gas Emission Factors v1.3 by NAICS-6,supply-chain-greenhouse-gas-emission-factors-v1-3-by-naics-6,76295ca9-bb8b-42ba-806b-a18b38054ce2,2024-07-10T18:42:30.962320,other-license-specified,U.S. Environmental Protection Agency,2,CSV,https://catalog.data.gov/dataset/supply-chain-greenhouse-gas-emission-factors-v1-3-by-naics-6
4,data.gov,Supply Chain Greenhouse Gas Emission Factors v1.2 by NAICS-6,supply-chain-greenhouse-gas-emission-factors-v1-2-by-naics-6,f5899dc6-c712-43ac-a368-f7f4feda20aa,2023-04-20T20:43:47.426365,other-license-specified,U.S. Environmental Protection Agency,2,CSV,https://catalog.data.gov/dataset/supply-chain-greenhouse-gas-emission-factors-v1-2-by-naics-6
4,data.gov,FIMA NFIP Redacted Claims (OpenFEMA),fima-nfip-redacted-claims-openfema,10baf515-91ed-4fc7-8ac8-0e1969194abd,2025-09-08T01:16:24.742015,other-license-specified,Department of Homeland Security,1,,https://catalog.data.gov/dataset/fima-nfip-redacted-claims-openfema
4,data.gov,Disaster Declarations Summaries,disaster-declarations-summaries-nemis,654d4564-3be1-4b9f-b989-93b240658f30,2025-06-07T09:48:41.177652,other-license-specified,Department of Homeland Security,1,,https://catalog.data.gov/dataset/disaster-declarations-summaries-nemis
4,data.gov,"Production, Supply, and Distribution Database",production-supply-and-distribution-database,cd62cb2f-b8f3-41e2-a1f1-8a68de43fac6,2025-04-21T20:43:34.031529,cc-by,Department of Agriculture,1,HTML,https://catalog.data.gov/dataset/production-supply-and-distribution-database
4,data.gov,Fruit and Vegetable Prices,fruit-and-vegetable-prices,07f079ea-4c60-4528-a61b-f5e815ef77cb,2025-04-21T20:41:29.599892,cc-zero,Department of Agriculture,1,XLS,https://catalog.data.gov/dataset/fruit-and-vegetable-prices
4,data.gov,Wheat Data,wheat-data,8e8c27eb-03e1-4da6-9208-c1ae5b179a18,2025-04-21T20:41:21.215103,cc-zero,Department of Agriculture,1,XLS,https://catalog.data.gov/dataset/wheat-data
4,data.gov,Food Price Outlook,food-price-outlook,94fd4dc2-f694-487e-99cb-d77651f701b4,2025-04-21T20:39:11.978154,cc-zero,Department of Agriculture,1,XLS,https://catalog.data.gov/dataset/food-price-outlook
3,data.gov,National Park Boundaries,national-park-boundaries,1d77d266-64f6-41db-99fa-881c7792e187,2020-12-02T16:52:22.446214,,"Earth Data Analysis Center, University of New Mexico",17,"CSV,HTML,JSON,KML,QGIS,WFS,WMS,XLS,XML,ZIP,gml",https://catalog.data.gov/dataset/national-park-boundaries
3,data.gov,2015-16 Retention Estimations by Grade,2015-16-retention-estimations-by-grade-c11fa,5bea86c6-2e70-4069-82dc-3dfe3baf2c8e,2024-02-11T21:10:04.510069,other-license-specified,Department of Education,13,XLS,https://catalog.data.gov/dataset/2015-16-retention-estimations-by-grade-c11fa
3,data.gov,2017-18 Arrests Civil Rights Data Collection,2017-18-arrests-civil-rights-data-collection,b76307fd-e13d-47aa-8e58-aa0cf781bfca,2024-10-25T13:10:16.604824,other-license-specified,Department of Education,7,XLS,https://catalog.data.gov/dataset/2017-18-arrests-civil-rights-data-collection
3,data.gov,2017-18 Harassment or Bullying Civil Rights Data Collection,2017-18-harassment-or-bullying-civil-rights-data-collection,c08c24f0-2b71-4f5b-b688-c97e8d19c72a,2024-10-25T13:10:30.174558,other-license-specified,Department of Education,6,XLS,https://catalog.data.gov/dataset/2017-18-harassment-or-bullying-civil-rights-data-collection
3,data.gov,Walkability Index,walkability-index8,77b88dc7-5411-4287-8d5e-f14ad4c84f00,2025-02-25T05:40:16.412130,,U.S. Environmental Protection Agency,4,"CSV,Esri REST,ZIP",https://catalog.data.gov/dataset/walkability-index8
3,data.gov,2011-12 Estimations for Enrollment Civil Rights Data Collection,2011-12-estimations-for-enrollment-civil-rights-data-collection,9daae01a-235e-44d9-8913-b25162a1dbe5,2024-03-10T03:39:08.290049,other-license-specified,Department of Education,4,XLS,https://catalog.data.gov/dataset/2011-12-estimations-for-enrollment-civil-rights-data-collection
3,data.gov,"TIGER/Line Shapefile, 2022, Nation, U.S., 2020 Census 5-Digit ZIP Code Tabulation Area (ZCTA5)",tiger-line-shapefile-2022-nation-u-s-2020-census-5-digit-zip-code-tabulation-area-zcta5,c5f01333-90f9-4695-be92-482a08b5535e,2024-01-27T08:57:30.018607,,"U.S. Census Bureau, Department of Commerce",4,"Esri REST,XML,ZIP",https://catalog.data.gov/dataset/tiger-line-shapefile-2022-nation-u-s-2020-census-5-digit-zip-code-tabulation-area-zcta5
3,data.gov,"Civil Rights Data Collection, 2013-14",civil-rights-data-collection-2013-14-59e0e,afdfd7c5-6297-46bf-ac45-c5172e41bb61,2023-08-12T23:32:44.230367,cc-zero,Department of Education,4,"TEXT,Zipped CSV",https://catalog.data.gov/dataset/civil-rights-data-collection-2013-14-59e0e
3,data.gov,State Crash Data,state-crash-data,b5d1fb82-a2ca-42ab-a911-173c57297545,2024-09-20T19:44:45.646700,notspecified,State of Washington,3,HTML,https://catalog.data.gov/dataset/state-crash-data
3,data.gov,"Civil Rights Data Collection, 2011-12",civil-rights-data-collection-2011-12-53eb4,8eba9676-2567-425c-93dd-69d64fe9514b,2023-08-12T23:56:42.155545,cc-zero,Department of Education,3,TEXT,https://catalog.data.gov/dataset/civil-rights-data-collection-2011-12-53eb4
3,data.gov,"Common Core of Data Nonfiscal Survey, 2013-14",common-core-of-data-nonfiscal-survey-2013-14-6c8e1,346e6a49-9e11-4680-83da-baded2f8f3d6,2023-08-12T23:29:13.394508,cc-zero,Department of Education,2,"Zipped DAT,Zipped XLS",https://catalog.data.gov/dataset/common-core-of-data-nonfiscal-survey-2013-14-6c8e1
3,data.gov,Census of Fatal Occupational Injuries (CFOI),census-of-fatal-occupational-injuries-cfoi-6f46f,92a6a47b-d274-42ec-a642-99db7a6793a6,2022-05-16T23:51:18.222792,cc-zero,U.S. Department of Labor Bureau of Labor Statistics,2,HTML,https://catalog.data.gov/dataset/census-of-fatal-occupational-injuries-cfoi-6f46f
3,data.gov,Significant NRC Enforcement Actions,significant-nrc-enforcement-actions,b0c3e8b1-047e-426a-8140-ad7ef307ba74,2024-11-18T18:43:46.054498,cc-zero,Nuclear Regulatory Commission,1,XLS,https://catalog.data.gov/dataset/significant-nrc-enforcement-actions
3,data.gov,Civil Rights Data Collection (CRDC) for the 2015-16  school year,civil-rights-data-collection-crdc-for-the-2015-16-school-year,475c58eb-4302-4fd7-9991-de5243ff9138,2024-10-25T13:09:32.218535,other-license-specified,Department of Education,1,ZIP,https://catalog.data.gov/dataset/civil-rights-data-collection-crdc-for-the-2015-16-school-year
3,data.gov,Civil Rights Data Collection (CRDC) for the 2013-14 school year,civil-rights-data-collection-crdc-for-the-2013-14-school-year-7a6ab,21170ac3-d1c6-4b5c-8eec-5dcb7df3b1a0,2024-10-25T13:09:32.158475,other-license-specified,Department of Education,1,ZIP,https://catalog.data.gov/dataset/civil-rights-data-collection-crdc-for-the-2013-14-school-year-7a6ab
3,data.gov,Civil Rights Data Collection (CRDC) for the 2017-18 school year,civil-rights-data-collection-crdc-for-the-2017-18-school-year,4ec38947-b055-4083-b344-75274322fade,2024-10-25T13:09:32.101440,other-license-specified,Department of Education,1,ZIP,https://catalog.data.gov/dataset/civil-rights-data-collection-crdc-for-the-2017-18-school-year
3,data.gov,Fatality Analysis Reporting System ( FARS ),fatality-analysis-reporting-system-fars,37110cca-9d46-4b5e-9bc2-0e938ae4f980,2024-05-01T08:14:37.816519,us-pd,Department of Transportation,1,HTML,https://catalog.data.gov/dataset/fatality-analysis-reporting-system-fars
3,data.gov,NIST X-ray Photoelectron Spectroscopy Database - SRD 20,nist-x-ray-photoelectron-spectroscopy-database-srd-20-40d6f,8f460008-33b2-42b8-b90d-af054200d518,2024-02-01T16:09:57.639590,other-license-specified,National Institute of Standards and Technology,1,HTML,https://catalog.data.gov/dataset/nist-x-ray-photoelectron-spectroscopy-database-srd-20-40d6f
3,data.gov,2011-12 Gifted and Talented Enrollment Estimations,2011-12-gifted-and-talented-enrollment-estimations-615ac,4541f970-4e4b-442e-bf40-10e02f535b15,2023-09-01T13:58:41.425917,other-license-specified,Department of Education,1,XLS,https://catalog.data.gov/dataset/2011-12-gifted-and-talented-enrollment-estimations-615ac
3,data.gov,Dynamic Small Business Search (DSBS),dynamic-small-business-search-dsbs-4f0da,96223bb8-ac6d-4168-a367-1f817f29d0f9,2023-04-11T19:23:22.664814,us-pd,Small Business Administration,1,,https://catalog.data.gov/dataset/dynamic-small-business-search-dsbs-4f0da
3,data.gov,U.S. Marketing Air Carriers On-time Performance,u-s-marketing-air-carriers-on-time-performance,d8af19af-0595-476b-ab90-324d618c1886,2025-01-17T21:15:49.833583,us-pd,Department of Transportation,0,,https://catalog.data.gov/dataset/u-s-marketing-air-carriers-on-time-performance
3,data.gov,State and Local Government Construction Spending - Land Transportation,state-and-local-government-construction-spending-land-transportation,093c57c8-baf4-4c67-ac21-897a57fd3789,2025-01-03T18:55:01.714971,us-pd,Department of Transportation,0,,https://catalog.data.gov/dataset/state-and-local-government-construction-spending-land-transportation
3,data.gov,Auto Sales,auto-sales,67bb074c-c8d3-46ea-90d2-76fceb290094,2025-01-02T18:43:40.374730,us-pd,Department of Transportation,0,,https://catalog.data.gov/dataset/auto-sales
3,data.gov,Civil Rights Data Collection (CRDC),civil-rights-data-collection-crdc,cb6a67f2-7211-4f6e-addf-0ccb4ac14d47,2024-10-01T04:27:44.321285,other-license-specified,Department of Education,0,,https://catalog.data.gov/dataset/civil-rights-data-collection-crdc
